title,header,link
Carçıoğlu Group Vakansiya Elan Edir-Buqelemun | Tələbə Portalı,: ,/url?q=https://www.buqelemun.com/az/2020/carcioglu-group-vakansiya-elan-edir/&sa=U&ved=2ahUKEwjtgeWHsoHsAhUEPK0KHXT-Cg0QFjAGegQIChAB&usg=AOvVaw0dfLhaoBOL2Gt7WJYE-DCo
Carçıoğlu Group işçi axtarır - VAKANSİYA - FED.az,"Carçıoğlu Group MMC fəaliyyətə başladığı andan etibarən professional səviyyədə möhkəmlənmək, fəaliyyətinin hüdudlarını genişləndirmək və xidmətlərinin ...",/url?q=https://fed.az/az/sosial/carcioglu-group-isci-axtarir-vakansiya-35310&sa=U&ved=2ahUKEwjtgeWHsoHsAhUEPK0KHXT-Cg0QFjAHegQIBxAB&usg=AOvVaw1xsvrJI_kQpwpqZariMYc4
"Carçıoğlu Group MMC — вакансия компании, информация о ...","FED.az xəbər verir ki, “Carçıoğlu Group” MMC şirkəti satış nümayəndəsi vakansiyalarını açıq elan edir. Namizədlərə olan tələblər: • Cinsi /K • Yaş həddi 23-30",/url?q=http://www.rabota.az/vacancy/company/16655&sa=U&ved=2ahUKEwjtgeWHsoHsAhUEPK0KHXT-Cg0QFjAIegQIBhAB&usg=AOvVaw1Xnk_FX8aWKGfW1UeK8Tiw
Carçıoğlu Group (@carchioglugroup) • Instagram photos and videos,Carçıoğlu Qrup ” MMC bir distributor kimi qısa müddət ərzində Azərbaycan bazarında öz mövqeyini tutub və bu sahədə gördüyü işləri uğurla davam ...,/url?q=https://www.instagram.com/carchioglugroup/&sa=U&ved=2ahUKEwjtgeWHsoHsAhUEPK0KHXT-Cg0QFjAJegQICBAB&usg=AOvVaw1iq_jAb274Y8soZW-Kfqne
Carçıoğlu Group şirkəti üzrə vakansiyalar— Offer.az,"Carçıoğlu Group. Hər ab-havaya uyğun içkilər bizdə   Baku, Azerbaijan +994(55) 505 15 99 +994 (55) 505 15 38 #carchioglugroup www.carchioglu.com.",/url?q=https://www.offer.az/sirket/carcioglu-group/&sa=U&ved=2ahUKEwjtgeWHsoHsAhUEPK0KHXT-Cg0QFjAKegQICRAB&usg=AOvVaw1McvHEMZgBRWgqIVtBwFP0
"""CARÇIOĞLU Group"" MMC -nin məhsulların... - Carçıyevlər ...","Carçıoğlu Group üzrə vakansiya siyahısı - 2019/2020. Vakansiya, CV və digər məsələlərlə bağlı sualları support@offer.az elektron ünvanına göndərə bilərsiniz.",/url?q=https://www.facebook.com/Carcioglu/posts/car%25C3%25A7io%25C4%259Flu-group-mmc-nin-m%25C9%2599hsullar%25C4%25B1n-b%25C9%2599zil%25C9%2599ri/963352357171143/&sa=U&ved=2ahUKEwjtgeWHsoHsAhUEPK0KHXT-Cg0QFjALegQIAxAB&usg=AOvVaw0tal-Tk6HuaXb0RxJZ6v7t
"Rabota.az - Carçıoğlu Group MMC-yə maliyyə, iqtisadiyyat ...","""CARÇIOĞLU Group"" MMC -nin məhsulların bəziləri.",/url?q=https://www.facebook.com/rabota.az/posts/car%25C3%25A7%25C4%25B1o%25C4%259Flu-group-mmc-y%25C9%2599-maliyy%25C9%2599-iqtisadiyyat-v%25C9%2599-ya-audit-ixtisas%25C4%25B1-%25C3%25BCzr%25C9%2599-ali-t%25C9%2599hsil/2404136596284075/&sa=U&ved=2ahUKEwjtgeWHsoHsAhUEPK0KHXT-Cg0QFjAMegQIARAB&usg=AOvVaw0Gdex7RaQWiJzRPFjcnju9
"""Carçıoğlu GROUP”un elektrod zavodunda işlər sürətlə davam edir ...","Carçıoğlu Group MMC-yə maliyyə, iqtisadiyyat və ya audit ixtisası üzrə ali təhsilli, bütün növ (vergi, DSMF və s.) hesabatların hazırlanma və təqdimetmə...",/url?q=https://marja.az/news/20177&sa=U&ved=2ahUKEwjtgeWHsoHsAhUEPK0KHXT-Cg0QFjANegQIBBAB&usg=AOvVaw3r2yu9xpmHGDx8PxpdpGeC
“Carçıoğlu Group” MMC Archives - Muhasibat.Az,"Qazax rayonunda ""Carçıoğlu GROUP” MMC tərəfindən elektrod zavodu tikilir. "" Marja"" xəbər verir ki, Qazax rayon İcra Hakimiyyətinin başçısı ...",/url?q=https://muhasibat.az/tag/carcioglu-group-mmc/&sa=U&ved=2ahUKEwjtgeWHsoHsAhUEPK0KHXT-Cg0QFjAOegQIAhAB&usg=AOvVaw30rtTdXyz5fCOZBcL6p6qD
Месторасположение Carçıoğlu Group MMC - Kompass,Vakansiya: Mühasib İşəgötürən: Carçıoğlu Group MMC Şəhər: Bakı Yaş: 24 – 30 yaş Cins: Fərqi yoxdur Təhsil: Ali İş təcrübəsi: 1 ildən 3 ilə qədər Əlaqədar ...,/url?q=https://az.kompass.com/c/carc%25C4%25B1oglu-group-mmc/az10669247/&sa=U&ved=2ahUKEwjtgeWHsoHsAhUEPK0KHXT-Cg0QFjAPegQIBRAB&usg=AOvVaw2ggr7qz0E8fh6q94piHvMY
Socar,"Azərbaycan Respublikası Dövlət Neft Şirkəti (SOCAR) Azərbaycan ərazisindəki neft və qaz yataqlarının axtarışı, kəşfiyyatı və işlənməsi, neftin, ...",/url?q=http://www.socar.az/&sa=U&ved=2ahUKEwjHkOWHsoHsAhUIbKwKHS3uCJsQFjAAegQIBxAB&usg=AOvVaw0oT2kFDapZJGFAwNP4q1mv
KARYERA · SOCAR,SOCAR həyata keçirdiyi sosial və ictimai proqramlardan qürur duyur. Saytımızın bu bölməsində həyata keçirdiyimiz öhdəliklər haqda ətraflı məlumat əldə etmək ...,/url?q=http://85.132.26.15/socar/az/careers/career-at-socar/career-development&sa=U&ved=2ahUKEwjHkOWHsoHsAhUIbKwKHS3uCJsQFjAKegQIAhAB&usg=AOvVaw3kVOKOy83eVfF9Q_yJeSwy
Azərbaycan Respublikası Dövlət Neft Şirkəti — Vikipediya,"SOCAR) — dünyanın ən böyük milli neft şirkətlərindən biridir. Neftin çıxarılması, daşınması, emalı və istehlakında olduğu üçün inteqrasiya olunmuş şirkətdir.",/url?q=https://az.wikipedia.org/wiki/Az%25C9%2599rbaycan_Respublikas%25C4%25B1_D%25C3%25B6vl%25C9%2599t_Neft_%25C5%259Eirk%25C9%2599ti&sa=U&ved=2ahUKEwjHkOWHsoHsAhUIbKwKHS3uCJsQFjAPegQIBBAB&usg=AOvVaw0D49ONaGvmugkeCCJXxUZN
SOCAR - Home | Facebook,"SOCAR, Baku, Azerbaijan. 98K likes. Azərbaycan Respublikası Dövlət Neft Şirkətinin rəsmi səhifəsi. Official page of the State Oil Company of Azerbaijan...",/url?q=https://www.facebook.com/SOCARofficial/&sa=U&ved=2ahUKEwjHkOWHsoHsAhUIbKwKHS3uCJsQFjAQegQIAxAB&usg=AOvVaw0FA-yYVq7-T6yDg1Yvvm5Z
CV göndər - SOCAR AQŞ ::,: ,/url?q=http://www.socar-aqs.com/az/career/apply-cv&sa=U&ved=2ahUKEwjHkOWHsoHsAhUIbKwKHS3uCJsQFjAbegQIBRAB&usg=AOvVaw3kgbG0dc_ILBRoDLiQW8fK
SOCAR PETROLEUM QSC,: ,/url?q=http://socar-petroleum.az/&sa=U&ved=2ahUKEwjHkOWHsoHsAhUIbKwKHS3uCJsQFjAcegQIARAB&usg=AOvVaw2vi4xBgB1IWTEavxm8b2GR
SOCAR-ın özəlləşdirilməsi: bunun vaxtı gəlib çatıbmı? - BBC News ...,: ,/url?q=https://www.bbc.com/azeri/azerbaijan-53911535&sa=U&ved=2ahUKEwjHkOWHsoHsAhUIbKwKHS3uCJsQFjAdegQIBhAB&usg=AOvVaw3F5tteWvOTUAMWAcq600ix
Gilan Holdinq,Gilan Tikinti. GILAN HOLDING-in tikinti sektoru əsas diqqətini Azərbaycanda yüksək səviyyəli tikinti işlərinin həyata keçirilməsinə yönəltmişdir. Inspection ...,/url?q=https://www.gilanholding.com/&sa=U&ved=2ahUKEwjv2pKIsoHsAhUGlKwKHYH-AuMQFjAAegQICBAB&usg=AOvVaw1MdafJQ3HgzC9EH-HKV0bn
Gilan Holding — Vikipediya,"Gilan Holdinq 1987-ci ildən Azərbaycanda irimiqyaslı layihələrə sərmayələr yatırır. Şirkət Azərbaycan iqtisadiyyatının dünya bazarında iştirakını təmin etməklə ...

Yaranma tarixi: ",/url?q=https://az.wikipedia.org/wiki/Gilan_Holding&sa=U&ved=2ahUKEwjv2pKIsoHsAhUGlKwKHYH-AuMQFjAHegQIBxAB&usg=AOvVaw1ij-tOBNdtLkTeT1SWqK92
Gilan Holdinq-də ən son vakansiyalar | Edumap.az,"
Sənaye: ",/url?q=https://edumap.az/gilan-holdinq-de-en-son-vakansiyalar/&sa=U&ved=2ahUKEwjv2pKIsoHsAhUGlKwKHYH-AuMQFjAQegQIAhAB&usg=AOvVaw25YkWVdDXa8k2kKsDAUBvy
"""Gilan Holding"" işçilər axtarır - VAKANSİYALAR - FED.az",: ,/url?q=https://fed.az/az/biznes/gilan-holding-isciler-axtarir-vakansiyalar-65329&sa=U&ved=2ahUKEwjv2pKIsoHsAhUGlKwKHYH-AuMQFjARegQIAxAB&usg=AOvVaw06d3zyfnScZZX98u9o9emi
"""Gilan Holding"" Koronavirusla Mübarizəyə Dəstək Fonduna 1 milyon ...",: ,/url?q=https://apa.az/az/maliyye_xeberleri/Gilan-Holding-Koronavirusla-Mubarizy-Dstk-Fonduna-1-milyon-manat-vsait-ayirib-577715&sa=U&ved=2ahUKEwjv2pKIsoHsAhUGlKwKHYH-AuMQFjAWegQIBRAB&usg=AOvVaw3GzfBBVoXFFPMgODpY6XCI
GİLAN MMC - Azexport,Təhlükəsizlik əməkdaşı (Qadın) Azərbaycan / Bakı Digər 28-03-2018 Ətraflı Baş Nəzarət Direktoru (Gilan Kənd Təsərrüfatı Qrupu) Azərbaycan / Bakı Kə.,/url?q=https://azexport.az/index.php%3Froute%3Dproduct/seller/info%26seller_id%3D21&sa=U&ved=2ahUKEwjv2pKIsoHsAhUGlKwKHYH-AuMQFjAXegQIBhAB&usg=AOvVaw0ngWdRFiiuIorDNqVe4pf8
